layer,token_type,n_tokens,k_mean,k_std,k_min,k_max,k_abs_max,k_q01,k_q05,k_q50,k_q95,k_q99,v_mean,v_std,v_min,v_max,v_abs_max,v_q01,v_q05,v_q50,v_q95,v_q99,k_norm_mean,k_norm_std,k_norm_min,k_norm_max,k_norm_median,k_norm_q01,k_norm_q05,k_norm_q50,k_norm_q95,k_norm_q99,v_norm_mean,v_norm_std,v_norm_min,v_norm_max,v_norm_median,v_norm_q01,v_norm_q05,v_norm_q50,v_norm_q95,v_norm_q99,kv_norm_ratio
0,all,175,0.029653439341179495,26.29190824926606,-441.25,460.75,460.75,-12.1875,-3.5234375,-0.0255126953125,3.49609375,10.7734375,-4.1319373329835276e-05,0.10655127035121213,-1.4453125,1.3056640625,1.4453125,-0.2578125,-0.1630859375,-0.00067901611328125,0.166015625,0.271484375,831.4547057174791,128.6031053423386,463.67196797998855,977.380733906005,864.1862094029889,505.84721135248475,555.9645667763514,864.1862094029889,961.2249030001271,970.4380981351102,3.362936752741633,0.5624122295124925,2.6808677502850675,5.878885948839601,3.22858738670528,2.693932533753915,2.7364470382821082,3.22858738670528,4.428813650925234,5.7222670779623135,247.24066102035252
0,text,32,0.041052301161471405,19.104335932064945,-347.75,396.75,396.75,-11.31234375,-3.4375,0.0085296630859375,3.3033203124999915,10.01296874999997,-0.0013304905696713831,0.13726006628699516,-1.4453125,1.3056640625,1.4453125,-0.3671875,-0.2099609375,-0.00040912628173828125,0.2076416015625,0.3549780273437486,606.5610210435647,76.29233597108987,463.67196797998855,754.2401063924192,581.5749473579456,469.34032561053624,499.7132362660159,581.5749473579456,741.5355135203271,754.1174532556818,4.3624961943558525,0.5127701829781017,3.7469522831020994,5.878885948839601,4.227983089500098,3.76796259247408,3.8679659524025887,4.227983089500098,5.762057020402368,5.878375218845264,139.03989688938327
0,vision,143,0.0271026450876876,27.645615866541977,-441.25,460.75,460.75,-12.388203125,-3.541015625,-0.035247802734375,3.546875,10.885781250000036,0.00024716648878855303,0.09837312310633504,-0.640625,0.65234375,0.65234375,-0.23309570312500005,-0.1552734375,-0.000762939453125,0.158203125,0.251953125,881.7805652249286,71.32030183632402,655.8645494454136,977.380733906005,892.8271651597381,686.4715334695875,747.5134314088413,892.8271651597381,963.8763437373201,970.4807979139616,3.1392591154573335,0.23375334343830748,2.6808677502850675,3.872532110654675,3.1669960893464664,2.69248756576843,2.734701145127032,3.1669960893464664,3.489704471229365,3.716961110156794,280.8881117468601
1,all,175,0.1533630061385754,7.468835595835675,-124.75,137.5,137.5,-7.328125,-3.39453125,0.0045490264892578125,3.5411132812499773,8.546953125000073,-0.0034164229634084872,0.1386123127362417,-1.265625,0.927734375,1.265625,-0.3483935546875,-0.2275390625,-0.00262451171875,0.2177734375,0.33203125,238.65204654679826,13.841772182828958,201.31288629626695,266.09036991846114,239.44959311582642,204.33691559541975,212.6455672343074,239.44959311582642,259.06429677603023,263.2408503428408,4.41774393272478,0.41229215046964607,2.7327561494726575,6.167806773849338,4.418788697930232,3.230021830040782,3.858305636763579,4.418788697930232,5.043830748047477,5.281911706465915,54.021249348330215
1,text,32,0.08678465440789296,7.575515754253469,-124.75,128.75,128.75,-7.1821484374999995,-3.390527343749999,-0.009250640869140625,3.3599609374999915,8.174453124999985,-0.00035393998405197635,0.13326932566149066,-1.265625,0.927734375,1.265625,-0.337890625,-0.21484375,-0.0001888275146484375,0.21484375,0.3359375,242.26418388811237,9.029895717585829,223.43831528901657,262.9114052242786,242.42606238994574,223.5240344643399,224.75709874757578,242.42606238994574,253.09454305702857,260.0327367674926,4.209162946212743,0.6855988991160623,2.7327561494726575,6.167806773849338,4.260703094888527,2.8452463776535764,3.1955152684405728,4.260703094888527,5.141174753031224,5.9644412745440505,57.556380445212554
1,vision,143,0.1682616582741127,7.444672272047609,-101.1875,137.5,137.5,-7.3347265625,-3.39453125,0.0063018798828125,3.5859375,8.614765625000018,-0.004101733839907846,0.1397707967541512,-1.078125,0.84765625,1.078125,-0.3515625,-0.2294921875,-0.0032501220703125,0.21875,0.330078125,237.8437360927979,14.582503167540919,201.31288629626695,266.09036991846114,239.04920282810036,203.15802435261475,210.91231944095924,239.04920282810036,259.47263447763135,263.524923517214,4.464419398237962,0.30153619802451614,3.673265096041817,5.201143996737371,4.448491907538217,3.847013409356235,4.00218768587251,4.448491907538217,5.033003376178033,5.147411718226748,53.27540154194993
2,all,175,0.3121251851616294,8.889560134099451,-148.125,183.125,183.125,-7.65234375,-3.4296875,0.01766204833984375,3.6328125,9.734453125000073,-0.0017299316976485508,0.18503060739721658,-2.28515625,2.107421875,2.28515625,-0.45703125,-0.298828125,-0.0018310546875,0.294921875,0.466796875,283.27865605858017,27.817716779826117,214.30605398545802,341.92603609751615,289.90515896961404,220.4250672721227,232.19268103757796,289.90515896961404,321.5928376277683,335.8429123630877,5.852811757514644,0.8975837056558301,3.297596893569594,11.438718862012813,5.9950097533661095,3.770282882454643,4.488535682555653,5.9950097533661095,6.867415561440453,7.177347612161828,48.400438591736375
2,text,32,0.2882828556248569,8.04288560033696,-127.3125,170.5,170.5,-6.834609374999999,-3.34765625,0.004680633544921875,3.5279296874999915,8.27078124999997,0.0016090363678813446,0.18046087123901763,-2.28515625,2.107421875,2.28515625,-0.439453125,-0.27734375,0.0014495849609375,0.2875854492187484,0.462890625,256.563668785457,22.37647030119088,214.30605398545802,303.4792070819122,260.18371931679013,215.9915991603588,220.8028866748386,260.18371931679013,298.70157376956627,302.2087991520124,5.617180505185311,1.3407637299903514,3.297596893569594,11.438718862012813,5.802763761196847,3.349043385835503,3.6915279948574042,5.802763761196847,6.430960674138818,9.96317723663072,45.67481293303979
2,vision,143,0.3174605316313967,9.068199391397314,-148.125,183.125,183.125,-7.8737890625,-3.44921875,0.0209503173828125,3.654296875,10.0546875,-0.0024771133626622335,0.18602963081927734,-1.3125,1.15625,1.3125,-0.4609375,-0.302734375,-0.0026092529296875,0.296875,0.466796875,289.25683502878957,25.288283725881335,220.66460835944167,341.92603609751615,294.26307513995033,224.30251723941691,244.02117733030633,294.26307513995033,325.8146621644655,336.71166650562253,5.905540429364565,0.7539679712756637,4.2701719819237445,7.21249466156995,6.128550518346127,4.376039674985869,4.633517768449925,6.128550518346127,6.904775914232047,7.112026721928759,48.980586703038384
3,all,175,-0.0755609536600033,5.154896859622494,-93.625,95.25,95.25,-7.3437890625,-3.076171875,-0.0015802383422851562,2.685546875,6.58984375,-0.0067685577941925396,0.4142452777045258,-2.90625,3.75,3.75,-1.0390625,-0.66796875,-0.004150390625,0.6484375,0.9883154296875318,164.37143544923094,14.092210813378651,62.623281616299884,190.76243984404366,165.6723844087473,129.78847252866322,145.15889452382524,165.6723844087473,183.1282065347105,187.0069948911165,13.148797385821425,1.6951607313559753,1.4205359463060194,16.718012440140637,13.389162646673547,9.591794946016547,10.903531461618908,13.389162646673547,15.36964840860626,15.696441205180944,12.500872180635737
3,text,32,-0.08783428288370487,5.1917368263203905,-93.625,91.875,93.625,-7.4544140625,-3.0149414062499997,-0.0006449222564697266,2.716796875,6.602851562499993,-0.0008864220308169024,0.4199689116077038,-2.59375,2.640625,2.640625,-1.09375,-0.67578125,-0.00020295381546020508,0.6796875,1.0546875,164.4780224889099,23.577755626844038,62.623281616299884,187.74508109190052,172.24030399282924,81.12660659624551,127.86869049488584,172.24030399282924,185.31991305439755,187.4358828185991,13.187500899737882,2.587949887353307,1.4205359463060194,15.73138670830229,13.82127720034309,3.9691812862328417,9.728427688390319,13.82127720034309,15.630281128593028,15.716747375913618,12.472266257223845
3,vision,143,-0.072814474393161,5.146612835545403,-82.125,95.25,95.25,-7.30859375,-3.0926757812499996,-0.0017309188842773438,2.681640625,6.5859375,-0.008084839923059816,0.41294212962849236,-2.90625,3.75,3.75,-1.0234375,-0.66796875,-0.005889892578125,0.640625,0.9765625,164.34758380398813,10.89162703700969,140.70503718874264,190.76243984404366,164.28548104682227,142.76069294031552,146.14266154228335,164.28548104682227,181.81771274552165,185.52430259134584,13.140136459630332,1.4203726589872303,9.448981831720596,16.718012440140637,13.302200516021886,10.232567525185438,11.025435016858559,13.302200516021886,15.293854609871286,15.576643821258155,12.507296580130925
4,all,175,-0.167184397156816,7.025695158801943,-107.875,114.3125,114.3125,-15.6796875,-5.37109375,-0.004322052001953125,4.51953125,12.7578125,-0.005970483097314303,0.41453241555750375,-3.09375,2.40625,3.09375,-1.0390625,-0.6796875,-0.0033111572265625,0.66015625,1.0078125,224.0754525339275,19.074980809188798,83.10886807638776,265.90475186405973,225.7688005033528,188.10927361439704,194.23090585875445,225.7688005033528,250.18700233775695,256.32854994845525,13.14228177914073,1.8105651988294642,2.0764600273362848,16.944658131300198,13.474779088223839,10.098497505277813,10.820574842845355,13.474779088223839,15.571207651104098,16.43529837055125,17.049965622375968
4,text,32,-0.21910036847839365,7.416783039904468,-107.875,114.3125,114.3125,-15.424453125,-5.4166015624999995,-0.01122283935546875,4.515625,12.822890624999985,0.0016755123851908138,0.40303007124695256,-2.25,2.40625,2.40625,-1.0,-0.64453125,-0.0013842582702636719,0.65234375,1.0234375,235.43567575717384,30.790882228744326,83.10886807638776,265.90475186405973,243.52260267687473,117.28875265668043,206.69548059071442,243.52260267687473,257.06068047664405,263.82008055004604,12.713824001336015,2.1663771671236502,2.0764600273362848,14.815305750927536,13.094317660278152,4.645916680627715,10.645060057915318,13.094317660278152,14.558223306621795,14.749407185862982,18.5180851750373
4,vision,143,-0.1555668371407986,6.935106631777672,-94.6875,100.75,100.75,-15.765625,-5.359375,-0.0025663375854492188,4.51953125,12.7265625,-0.007681475093399363,0.41704373840198394,-3.09375,2.3125,3.09375,-1.0546875,-0.68359375,-0.0040130615234375,0.66015625,1.0,221.5333046797745,14.063345030309058,187.72186776553082,253.10235702374223,224.49158984979442,189.0806856181202,194.3619530377574,224.49158984979442,241.12764889833522,248.13313541541598,13.238160442705421,1.7062299165998318,10.09016683476736,16.944658131300198,13.635612075488542,10.182189555839829,10.82843148039776,13.635612075488542,15.631659030556698,16.537859561955536,16.734447783630333
5,all,175,0.017153263744299433,6.767205087569635,-112.9375,90.1875,112.9375,-17.23453125,-3.537109375,0.0025339126586914062,3.505859375,18.797031250000146,0.010002401369357749,0.47824074251179605,-3.890625,3.515625,3.890625,-1.15625,-0.74609375,0.0047760009765625,0.78515625,1.265625,214.73099413082778,28.01870278282489,45.36102152366915,280.6463211833884,213.46702729565925,173.94357602831187,180.13401936404145,213.46702729565925,259.71193176314756,273.31287330057,15.076502581278557,2.646671095554199,2.7926026499178067,20.987990730610406,15.277389243958451,10.84407460290378,11.395685739524584,15.277389243958451,19.282340012514517,20.366369410715716,14.242759086412573
5,text,32,0.030857993102472392,7.621280698863046,-100.875,90.1875,100.875,-16.60921875,-3.376953125,0.005611419677734375,3.5078125,18.499687499999823,0.009448925871765823,0.46236358997573335,-2.859375,3.046875,3.046875,-1.1328125,-0.73046875,0.0045375823974609375,0.7578125,1.2421875,240.5918505215509,39.930816297376694,45.36102152366915,280.6463211833884,247.04728770367157,92.12470154430325,206.57499963851853,247.04728770367157,273.3726002188864,278.44506473477674,14.543302973591729,2.737622156278203,2.7926026499178067,17.773891819442397,15.09408967251725,5.32641677905113,11.15835320870136,15.09408967251725,17.690319602761306,17.764782904650584,16.5431367935074
5,vision,143,0.014086471160652337,6.560873397817967,-112.9375,78.75,112.9375,-17.5059375,-3.572265625,0.0010595321655273438,3.505859375,18.870156250000036,0.010126256026161535,0.4817219369541042,-3.890625,3.515625,3.890625,-1.1640625,-0.75390625,0.00494384765625,0.7890625,1.2734375,208.94394934409257,20.51268874280686,171.90692167532336,257.66558771368545,206.14327396891852,175.2234290439979,179.4527143148421,206.14327396891852,244.36130728697896,253.59725499261833,15.195819976005676,2.61102019050834,10.496496568863117,20.987990730610406,15.292010078628339,11.1783051107901,11.644370289648972,15.292010078628339,19.470132807077093,20.506163793724898,13.750093754336177
6,all,175,-0.08762114314029791,5.038259587828862,-75.8125,87.75,87.75,-13.140625,-4.46484375,0.0060138702392578125,4.0900390624999545,9.812578125000073,-0.004255541144936745,0.40307975938813273,-3.15625,2.84375,3.15625,-1.0546875,-0.6484375,0.0006542205810546875,0.62890625,0.98828125,160.96594447522705,9.54481794538684,128.94323984713057,183.24022420019088,161.48322622185265,139.57413380319784,146.1512262566283,161.48322622185265,175.22013354656286,180.1247154665199,12.747310873086558,1.9741482247117121,2.4924613260513406,18.485080519492072,12.649972603845425,9.17874661284518,10.092962937207455,12.649972603845425,16.160799577609417,16.99699266775926,12.62744323707324
6,text,32,-0.10329329592241265,4.996814559710329,-62.40625,85.4375,85.4375,-13.757499999999999,-4.333203124999999,0.0095672607421875,3.9778320312499957,10.33062499999994,0.0011722853414539713,0.4090995360420697,-2.484375,2.765625,2.765625,-1.046875,-0.65625,0.002773284912109375,0.65625,1.072568359374987,159.66840414957392,9.182470877859986,128.94323984713057,173.36926106919776,162.054765268322,134.54029046928912,147.8126704713832,162.054765268322,170.5439400606428,172.82261827139823,12.841218929289456,2.546297776035407,2.4924613260513406,16.67481499606965,13.235106614827295,4.908404644323012,10.423683801841333,13.235106614827295,15.992963152458053,16.531328648228843,12.434053576127983
6,vision,143,-0.08411408797227224,5.047480740207593,-75.8125,87.75,87.75,-12.981953125,-4.484375,0.0051898956298828125,4.109375,9.716328125000018,-0.005470159659373828,0.40171028311605794,-3.15625,2.84375,3.15625,-1.0625,-0.64453125,-7.843971252441406e-05,0.625,0.97265625,161.2563031494991,9.60005131133884,137.6366610304454,183.24022420019088,161.32002869889405,140.26226020759518,145.6386635933409,161.32002869889405,175.8618012663239,181.3277630445374,12.726296482887308,1.8210101093958253,9.026527799771154,18.485080519492072,12.494540422167912,9.332992776699223,9.947537210890014,12.494540422167912,16.14958318674933,17.04686082963874,12.67111004103479
7,all,175,0.007923341587385429,3.9078440097671656,-59.125,54.875,59.125,-10.7578125,-3.423828125,-0.0043010711669921875,3.330078125,12.3515625,0.002332357307563403,0.5695989283421835,-5.15625,4.21875,5.15625,-1.3984375,-0.91796875,0.00264739990234375,0.92578125,1.4140625,124.43745121043936,12.374962718364591,51.301255512725426,153.69508586027797,124.71021942293368,107.29758335700677,108.51802011067794,124.71021942293368,143.00044066272594,147.79860941887475,18.047598062912503,2.553300670925965,3.6647434587260523,25.602972827216128,17.87656183029881,13.849509088080456,14.87366305499888,17.87656183029881,22.351737777091312,24.452511638870842,6.894959139529827
7,text,32,0.010365681557232165,4.312241835368706,-59.125,54.375,59.125,-10.942656249999999,-3.4016601562499997,-0.0018105506896972656,3.30859375,13.088515624999985,-0.003010964297573082,0.5858045834335618,-3.578125,3.390625,3.578125,-1.46875,-0.9453125,-0.0021839141845703125,0.94140625,1.4772070312499963,137.02842591802087,16.280063720547084,51.301255512725426,153.69508586027797,140.85546932218085,75.35393328188171,129.84419425832257,140.85546932218085,147.9518222790586,152.05216253252811,18.38958255989403,3.6380702263257527,3.6647434587260523,25.602972827216128,18.86732071961098,6.885891996967354,14.20408565994079,18.86732071961098,22.449192598609326,24.63773776453935,7.451415793247375
7,vision,143,0.00737680397175539,3.811478668450768,-58.6875,54.875,58.6875,-10.700703125,-3.431640625,-0.0048999786376953125,3.3359375,12.195859375000055,0.0035280656387827562,0.565902039701158,-5.15625,4.21875,5.15625,-1.3828125,-0.91015625,0.00408935546875,0.921875,1.3984375,121.61989043671481,9.202417336144386,106.44794736844152,144.46912086324662,121.96760804209534,107.72412418411247,108.41952569375906,121.96760804209534,136.50180914805517,143.70786013881425,17.971070063587966,2.2325743287821145,13.748836294132108,24.537042256093507,17.631140738242664,13.932351263549041,15.012835110654288,17.631140738242664,22.206537560766876,23.849994757653075,6.76753749255781
8,all,175,0.017211067729097394,2.1681410125530207,-29.40625,30.375,30.375,-5.16015625,-2.61328125,0.009552001953125,2.74609375,5.4296875,-0.005283260303216853,0.698317389407512,-22.5,22.25,22.5,-1.671875,-1.0390625,-0.006381988525390625,1.0390625,1.703125,69.20387210277315,4.9782443951489554,49.97750436480725,81.73619981582985,69.3801696815646,53.21568057514771,60.870895277486476,69.3801696815646,76.84646569725562,79.25609829845506,21.32956566677383,6.665502216311822,3.933733392391122,90.83139867066815,20.223589099613342,15.126267279231273,16.83246943769371,20.223589099613342,26.05265570110959,45.54366549947929,3.2445045147157217
8,text,32,0.023925630670419196,2.1267851429851277,-27.890625,25.703125,27.890625,-5.48046875,-2.541015625,0.008090972900390625,2.6379882812499957,5.813789062499993,-0.012181890007923357,0.7057685616420787,-10.5,10.625,10.625,-1.7994531249999999,-1.1015625,-0.004547119140625,1.078125,1.7115820312499963,67.87120427102839,5.085077241398846,53.06092302850999,77.63968363998517,67.89446157989322,54.34408422365322,59.23962925431733,67.89446157989322,76.35743558632952,77.26308212991525,21.84063485970824,5.762162253573473,3.933733392391122,45.17267478909226,21.93902342817042,7.544721586691771,15.800479411628746,21.93902342817042,25.644148905440538,39.234598671064404,3.107565540424728
8,vision,143,0.015708508189780625,2.1772850817692246,-29.40625,30.375,30.375,-5.0612890625,-2.6258789062499996,0.01010894775390625,2.765625,5.362070312500009,-0.003739510998667146,0.6966297275293312,-22.5,22.25,22.5,-1.640625,-1.03125,-0.0071868896484375,1.0234375,1.6953125,69.50209147770904,4.904689060186601,49.97750436480725,81.73619981582985,69.73625289138717,53.430593733878084,61.69582729346152,69.73625289138717,77.21192493217181,79.28652414139776,21.215200532690606,6.8461372062722985,14.957247674208192,90.83139867066815,19.95893302110287,15.25190334908169,16.86567694954399,19.95893302110287,26.069556303627454,42.12547699085398,3.276051591905197
9,all,175,0.11048308032132419,3.2443604649256974,-41.25,42.0,42.0,-8.546875,-3.125,0.012958526611328125,3.51171875,9.421953125000073,0.01890864016654502,0.8397005052047146,-7.90625,7.46875,7.90625,-2.125,-1.3203125,0.02010345458984375,1.34375,2.140625,103.65972364695156,6.756995112151854,48.12404864577866,118.00129224576334,103.79141363647601,90.62626184591723,95.62275895086704,103.79141363647601,113.10250057841874,115.33794756210966,26.657334522032297,3.431020066569396,6.996976685634424,36.999530772894424,26.309200795272666,21.618735596649344,22.735718026769774,26.309200795272666,33.083449800913854,36.3201328388375,3.8886004735873634
9,text,32,0.08221466932081967,3.1871073323684125,-41.25,37.03125,41.25,-8.671875,-3.10546875,0.00647735595703125,3.4211914062499957,9.690078124999985,-0.017175208142361953,0.8748183689408565,-7.90625,6.09375,7.90625,-2.328125,-1.3984375,-0.00498199462890625,1.359375,2.203125,101.35895791952562,11.606892217694556,48.12404864577866,116.86043465516201,102.4388988129044,60.44246504941933,90.63950396320988,102.4388988129044,113.76181747139265,115.9856635056105,27.471683360408356,5.411398317477865,6.996976685634424,36.999530772894424,26.786687307609533,11.70834698239777,22.5017907177479,26.786687307609533,35.380786125190006,36.854905249707464,3.68957943311192
9,vision,143,0.11680887858717136,3.257000959022665,-39.9375,42.0,42.0,-8.536640625,-3.12890625,0.014492034912109375,3.526269531249966,9.3828125,0.0269833474804263,0.8314245310582521,-6.9375,7.46875,7.46875,-2.078125,-1.296875,0.02886962890625,1.3359375,2.125,104.17458031322872,4.927186542298052,91.59788398621625,118.00129224576334,103.88302173359065,93.25550657790572,96.24338944833748,103.88302173359065,112.6844198673166,114.75227867043438,26.47510261414395,2.7697779518424124,21.51085957688104,36.245342788896885,26.19763770247327,21.682461897117907,22.9190828780898,26.19763770247327,31.873675644691417,34.299514276290914,3.934813089546815
10,all,175,0.0686695293846008,3.998309650247938,-72.3125,71.5625,72.3125,-8.27359375,-3.017578125,0.014278411865234375,3.25390625,8.6484375,0.0061284676829486025,0.9027721794427214,-17.25,35.25,35.25,-2.265625,-1.359375,0.005859375,1.3671875,2.265625,126.11446951783478,21.682362308834765,49.75124504373702,169.0540003390617,125.55563762322166,85.92367848438082,89.86053910274012,125.55563762322166,158.5563758833128,166.2351295618281,28.025518715967753,7.011869278519724,7.8207982490225145,93.43357950783486,27.015234687499717,20.81732432703625,22.973055413623882,27.015234687499717,34.200529315306746,47.22588801440416,4.4999869867165065
10,text,32,0.013501588657163666,4.696076149260163,-65.25,71.5625,71.5625,-9.374453124999997,-3.0754882812499997,-0.006031036376953125,3.072265625,9.9375,-0.0008091137606243137,0.8417661206328269,-5.90625,6.03515625,6.03515625,-2.1875,-1.328125,-0.00021731853485107422,1.328125,2.15625,148.93598671488797,20.01661503926799,49.75124504373702,169.0540003390617,151.46616703594452,75.6679108842496,136.51045925923714,151.46616703594452,166.29219420412363,168.24904844518557,26.53007409815753,4.661729873430557,7.8207982490225145,35.45082146312436,26.415190445277045,12.005018640399744,21.75193041631279,26.415190445277045,32.06040031354804,34.55506375747697,5.613854909106014
10,vision,143,0.08101480283409722,3.8246665615465596,-72.3125,68.3125,72.3125,-8.005390625,-3.001953125,0.023529052734375,3.287109375,8.4375,0.007680933460531353,0.9158604427084874,-17.25,35.25,35.25,-2.28125,-1.3671875,0.007781982421875,1.375,2.28125,121.00755657863404,18.521346092719295,85.38006723041111,160.47215590075908,122.01699052692165,86.22624108366631,88.7021037649865,122.01699052692165,151.07084464344496,156.58012522937491,28.3601636654078,7.395477568248265,20.698987143776904,93.43357950783486,27.287658716073718,21.17396761033861,23.52031120989254,27.287658716073718,34.529125436424316,58.817650938812086,4.266814465751216
11,all,175,0.01187626271309065,2.389336493140299,-27.953125,25.78125,27.953125,-7.4687890625,-3.447265625,0.0025806427001953125,3.5234375,7.55078125,-0.015447783274576068,1.1740583080388507,-34.0,29.125,34.0,-3.109375,-1.78125,-0.012939453125,1.75,2.96875,76.43101304901467,2.09471848299366,69.32823544332477,91.21055360177134,76.72037884578512,70.76032404883384,72.89253444685114,76.72037884578512,78.77597860546906,79.71456394500505,36.28624288622904,9.749244019775812,8.119401882482887,130.0436354683074,36.13797315323663,24.528649466512213,27.279043009403654,36.13797315323663,41.79661991725383,59.04970847417126,2.1063358168178095
11,text,32,0.04034060685444274,2.3495315314620098,-27.953125,25.78125,27.953125,-7.2161328125,-3.3176757812499997,0.006999969482421875,3.4133789062499957,7.489570312499993,-0.0189141253613343,1.0549258541450595,-8.390625,8.0,8.390625,-2.9375,-1.671875,-0.010772705078125,1.6640625,2.7395312499999704,75.11919451639875,3.399796445163259,69.94132053332545,91.21055360177134,74.85608459692162,70.28441660063302,71.37237694446416,74.85608459692162,77.71402433780763,87.03062409494615,33.12411595795052,6.537329357717839,8.119401882482887,41.70031365391418,34.15626869198991,13.211666445937523,24.88953934003679,34.15626869198991,40.84867266447266,41.66735169306791,2.267809791867622
11,vision,143,0.005506619268872,2.3981071722142957,-24.90625,19.453125,24.90625,-7.5105078125,-3.478515625,0.0017251968383789062,3.546875,7.57421875,-0.014672098332084715,1.1990963817569622,-34.0,29.125,34.0,-3.140625,-1.8046875,-0.01361083984375,1.765625,3.015625,76.72456684652312,1.520504675947647,69.32823544332477,80.21124614164064,76.89437395263771,71.88209210591421,74.11417972141824,76.89437395263771,78.78323619664907,79.47599055160686,36.99385170934031,10.198797801531963,24.479091387354607,130.0436354683074,36.38276090175862,25.83969748066692,28.448090184654113,36.38276090175862,41.90192144505692,75.52378655120998,2.0739815753532764
12,all,175,0.00481840948640768,3.276880158501165,-54.375,47.53125,54.375,-6.3046875,-2.70703125,0.0039806365966796875,2.763671875,5.7265625,0.015519695492527847,1.6526556654587434,-72.0,61.0,72.0,-3.5,-1.9921875,0.010284423828125,2.0625,3.6875,104.4309948874925,9.478676069108051,63.75719797986808,128.88074912932416,105.50919421179262,76.36854205914432,89.13756885839591,105.50919421179262,116.40644839386853,123.91768278198171,43.77433692270183,29.679543714945368,9.67269889138857,325.3940782124364,40.614154122557395,30.635715434752665,33.151919059535146,40.614154122557395,50.42737810544349,121.69482020438373,2.3856670878167776
12,text,32,0.01742361276228621,3.0197473951682836,-48.125,47.09375,48.125,-5.818984374999999,-2.5305664062499997,0.00563812255859375,2.548828125,6.09375,0.03369687120175513,1.2181579943338632,-8.2578125,11.6328125,11.6328125,-3.078125,-1.8606445312499997,0.015293121337890625,1.9394042968749936,3.3125,96.05021852077644,10.60158973589319,63.75719797986808,117.03196996856923,95.30059484621012,68.42006050225663,82.36502065058157,95.30059484621012,112.42458633079734,116.25421112952802,38.31632139982174,7.248790088888579,9.67269889138857,50.35105962606684,39.21184770396417,15.976540563648127,30.66294573447173,39.21184770396417,47.35669966730963,49.62924275086445,2.5067703529917487
12,vision,143,0.001997664697399897,3.3316976545969377,-54.375,47.53125,54.375,-6.3828125,-2.74609375,0.0036678314208984375,2.8046875,5.68359375,0.011452075753400064,1.7350245501283483,-72.0,61.0,72.0,-3.609375,-2.015625,0.00872802734375,2.09375,3.765625,106.30641337514922,8.097212216456803,69.67098392449913,128.88074912932416,106.78587575943726,83.15582859798874,94.64534111998823,106.78587575943726,118.45454028164795,125.30902376389915,44.995711025723935,32.52810970571109,30.85637933452451,325.3940782124364,40.650272343787705,32.45452670101242,34.40843844229046,40.650272343787705,50.627509748508665,201.07130192469702,2.362589921389932
13,all,175,-0.00212174964370206,1.919061694663059,-24.03125,22.421875,24.03125,-6.2734765625,-2.884765625,0.0070629119873046875,2.91796875,5.621132812500036,0.02881761274766177,1.8346349086011353,-77.0,76.0,77.0,-3.796875,-2.15625,0.01031494140625,2.234375,4.28125,61.388941257177734,1.6085509072623618,56.61851735019295,71.53309169287286,61.58016191919268,57.274800790709655,58.47993767365376,61.58016191919268,63.35400386975188,64.0622593910532,48.53068350407274,33.04980541779013,12.513220464368523,360.43682930538404,45.29659888877576,34.09180269049726,37.17320279272593,45.29659888877576,53.560609920626824,133.07085196745774,1.2649510953627083
13,text,32,0.014944583281248924,1.8957997292641122,-24.03125,22.421875,24.03125,-6.246015625,-2.6399414062499997,0.0017142295837402344,2.7766601562499957,5.776015624999985,0.010881766211241484,1.4061640073057549,-15.8125,10.4375,15.8125,-3.4375,-2.09375,-0.0069122314453125,2.15625,3.7864062499999704,60.61269623767332,2.5775429664720777,56.61851735019295,71.53309169287286,60.62273892986727,56.85210532932132,57.63273034703424,60.62273892986727,62.909899539720485,68.92716761514635,44.224442510554915,8.310973949384776,12.513220464368523,59.33040624626314,43.61409806089124,19.07747098418024,35.01779371091118,43.61409806089124,56.89770604920394,58.77497357185483,1.370570046715842
13,vision,143,-0.005940789179355427,1.924207938547889,-16.265625,13.2421875,16.265625,-6.2800390625,-2.93359375,0.00852203369140625,2.94921875,5.59375,0.032831228755811764,1.9174280005826823,-77.0,76.0,77.0,-3.875,-2.1875,0.01611328125,2.265625,4.4375,61.56264643636754,1.2307408774864477,56.99808015422755,64.97795400874494,61.667265313854074,57.825718530772505,59.224960353442306,61.667265313854074,63.40609116097106,63.735756997143646,49.49431785227253,36.279238139552206,34.23360126187882,360.43682930538404,45.62852685844289,35.269998394950555,37.35304567493433,45.62852685844289,51.61758394036372,221.98532348316172,1.2438326076160051
14,all,175,0.11323991724755615,2.3803459779960003,-23.984375,34.0,34.0,-6.0859375,-2.796875,0.014080047607421875,3.021484375,6.5859375,-0.02404171068121546,2.1070930418880924,-157.0,69.0,157.0,-4.375,-2.625,-0.01806640625,2.59375,4.375,76.0469720299031,5.658726446364348,56.027029541592555,86.49653125307465,76.59239870624153,59.67199093649705,65.00592582303442,76.59239870624153,83.91866790737856,85.99810440359904,55.30759928108756,38.57536274583756,11.061254663117511,416.8358861720277,51.11065374627956,39.09189804746259,41.68107382492809,51.11065374627956,63.09075081587563,157.69810943093796,1.374982335490873
14,text,32,0.07631073897209717,2.228703660785122,-23.984375,30.421875,30.421875,-5.2981640625,-2.6340820312499997,-0.0093994140625,2.9375,6.792929687499978,0.013619654742797138,1.6668257099415638,-16.375,14.8125,16.375,-4.1875,-2.546875,0.00109100341796875,2.625,4.4375,71.05062882964035,6.640942664084452,59.14024363425371,83.74619858742268,69.0869603606188,59.56766200526502,61.64322328063378,69.0869603606188,82.3701858766691,83.38494451087841,52.17470203092664,11.089533485099842,11.061254663117511,72.18475684083919,51.047142596955354,19.473972337751842,40.15253212313224,51.047142596955354,69.84353455395058,71.6077862872706,1.3617831259970583
14,vision,143,0.12150378930919732,2.4128979967723296,-21.734375,34.0,34.0,-6.2265625,-2.837890625,0.0217132568359375,3.04296875,6.5625,-0.03246942881805744,2.193459430462002,-157.0,69.0,157.0,-4.4375,-2.640625,-0.0257568359375,2.578125,4.375,77.16503484394791,4.741462759970423,56.027029541592555,86.49653125307465,77.20060600955668,60.76011610199639,69.46908642773185,77.20060600955668,84.23062848189221,86.07294474842877,56.00866719720749,42.31835748901753,39.40560014586402,416.8358861720277,51.11065374627956,40.32815729003168,42.64966064521987,51.11065374627956,59.18929647605762,259.36287651849017,1.377733817022435
15,all,175,-0.05048244304555868,4.188292415253978,-51.875,69.75,69.75,-11.1015625,-3.509765625,-0.009586334228515625,3.333984375,9.047031250000146,0.025563316334903774,2.0606260912990493,-17.375,16.25,17.375,-5.15625,-3.265625,0.0225830078125,3.328125,5.28125,133.54906137361812,11.404132713229489,52.30714724564444,156.9237059899396,134.64243254322895,107.65235783818869,113.85261679783203,134.64243254322895,148.33243590076282,152.62603915963848,65.45474599071866,8.027054222176469,13.886641096698993,90.83506800082434,64.91396751707042,51.24079094868622,56.351339711006844,64.91396751707042,79.0386512534392,88.25164506619257,2.0403266310521633
15,text,32,-0.08173852378604352,3.8768186719700295,-47.3125,62.0,62.0,-10.3853125,-3.32421875,-0.013675689697265625,3.009765625,8.4140625,0.04626493085925176,2.2328848341274856,-17.375,16.25,17.375,-5.53125,-3.515625,0.01935577392578125,3.625,5.8125,122.99090198111594,16.447368552940674,52.30714724564444,142.7770379922763,126.33181082809884,69.45200563902367,107.64228892293673,126.33181082809884,140.2539244683614,142.7275110298058,70.14776944887325,13.671705478211472,13.886641096698993,90.83506800082434,68.53710034572414,27.484302674744658,58.598278628551206,68.53710034572414,88.80944234053521,90.70767370547902,1.7533116583380042
15,vision,143,-0.04348807532740822,4.254840470874709,-51.875,69.75,69.75,-11.19046875,-3.544921875,-0.0074825286865234375,3.400390625,9.234375,0.02093078721057415,2.0200393057521087,-13.8125,14.9375,14.9375,-5.0625,-3.203125,0.0233154296875,3.265625,5.1875,135.91172641249972,8.251949851384051,110.21724874922343,156.9237059899396,136.5323963921261,114.16094051944759,121.30123959853613,136.5323963921261,148.6434876229947,152.87106354454335,64.4045589231596,5.567190496225142,49.8726426456552,79.83585573175286,64.43016568521533,52.07386107404931,56.32419789510234,64.43016568521533,73.90832788525064,78.47737172022187,2.110281146007918
16,all,175,-0.06555591020467026,2.2355108314793637,-35.78125,23.59375,35.78125,-7.3281640625,-3.521484375,-0.0022382736206054688,3.30078125,6.26171875,0.013944928761172508,2.3852420638815044,-22.0,22.375,22.375,-6.125,-3.640625,-0.00246429443359375,3.734375,6.34375,71.5197382225044,2.603199901917816,64.554284918458,77.79381315373853,71.74879295624666,65.53887284556994,66.68270479503656,71.74879295624666,75.73983287516356,76.63382944632406,75.86580393126037,8.396650412858719,22.445697664727085,98.77971192281213,77.03763468209199,58.67170461910099,62.26122327539201,77.03763468209199,87.41166251966298,94.09556676644787,0.9427137724304114
16,text,32,-0.017061881904737675,2.207244703227523,-35.78125,23.59375,35.78125,-7.328125,-3.2004882812499997,0.0008451938629150391,3.2317382812499957,6.552070312499993,0.034337691169639584,2.4879803360957706,-22.0,19.25,22.0,-6.5625,-3.75,0.0157470703125,3.921875,6.5625,70.56969149731773,3.012012054964663,65.34208093502963,75.21961993828248,71.16326014762788,65.42452078944517,65.62437889286079,71.16326014762788,74.99445701674745,75.19300068878964,78.5433159611728,13.067599365357179,22.445697664727085,98.77971192281213,79.56892975682186,36.46557252165058,68.1010766381992,79.56892975682186,94.71336415564049,98.07353598265911,0.8984811837101867
16,vision,143,-0.0764077207333265,2.2416436767804804,-25.0,15.40625,25.0,-7.3308203125,-3.57421875,-0.003734588623046875,3.310546875,6.171875,0.009381513397040015,2.361615669508146,-20.375,22.375,22.375,-6.0,-3.625,-0.008453369140625,3.6875,6.28125,71.73233609107764,2.4527088446764593,64.554284918458,77.79381315373853,71.86066154813355,65.94823646879703,67.75787543444574,71.86066154813355,75.81674979168025,76.88495853142399,75.26664040009116,6.790068051325516,58.23547306556804,89.74357714030192,76.23458156950898,59.183939631309315,62.16661729770226,76.23458156950898,84.61061928316975,87.87580249122372,0.953042884733178
17,all,175,0.003356448683355536,2.855078735710152,-62.875,40.15625,62.875,-7.13671875,-2.73828125,0.0006015300750732422,2.82421875,6.468789062500036,0.07822484010497906,3.886352591516769,-39.75,32.5,39.75,-9.5625,-6.15625,0.0634765625,6.25,9.9375,90.99783451271674,8.155711331129206,65.16509140259163,109.39708915525082,91.64060929396338,67.736424094596,76.42025050492319,91.64060929396338,103.82293038499675,107.35213280021894,123.64648020576904,13.566136447481387,26.136325013445187,158.3667281197825,122.87832980036441,95.060747709656,107.9589807306811,122.87832980036441,143.64354578094594,153.97118354465732,0.7359516774054601
17,text,32,0.041446399392953026,2.673826019147861,-48.5625,36.65625,48.5625,-6.6796875,-2.533203125,0.00806427001953125,2.798828125,6.16015625,0.08775504924778943,4.017173804044334,-25.625,31.28125,31.28125,-10.0625,-6.3384765624999995,0.0546722412109375,6.4375,10.627578124999985,85.20651449261135,7.908147314499465,65.8289896654601,98.32486795114619,87.63160957268818,66.62805003442244,69.8554792568612,87.63160957268818,95.45957390197293,97.55363153745664,126.61316730330051,22.404942706657128,26.136325013445187,158.3667281197825,127.15980128125832,50.87721090748849,110.31674728732563,127.15980128125832,155.0854246331024,158.34940880512153,0.672967245882887
17,vision,143,-0.0051671766502606855,2.894016225808459,-62.875,40.15625,62.875,-7.2578125,-2.787109375,-0.0006060600280761719,2.830078125,6.578125,0.07609220589120332,3.8564670893420723,-39.75,32.5,39.75,-9.4375,-6.09375,0.0654296875,6.21875,9.8125,92.29379423749558,7.630250255592848,65.16509140259163,109.39708915525082,92.5699049853388,72.54823935808908,78.37937595037052,92.5699049853388,104.28001547782243,107.69767284316859,122.98260616995779,10.511046430321953,93.17053079185837,148.31961130006104,121.26558715973461,98.61973869167763,108.18619561724087,121.26558715973461,141.1636758229606,144.32295277845142,0.7504621760084405
18,all,175,0.011840128004883549,2.2035147303354905,-25.6875,29.21875,29.21875,-6.51171875,-3.384765625,-0.0042400360107421875,3.33984375,7.08984375,-0.052346250227918584,3.933099281209922,-30.25,29.0,30.25,-10.25,-6.25,-0.044921875,6.21875,10.0,70.49032392996415,1.807319621944894,64.97437324744412,75.07108780772919,70.58624110164429,65.78133830517436,67.13322443216644,70.58624110164429,73.29716048649782,74.22037469363686,124.82159936520867,16.21439668124195,20.74195181095152,175.62240098196997,124.63812743920768,99.55179105670496,104.40557248563199,124.63812743920768,150.27752431754396,161.0029498152907,0.5647285749297313
18,text,32,0.005771789436039398,2.2120404829083347,-25.6875,29.21875,29.21875,-6.4661328125,-3.2421875,-0.0011439323425292969,3.2649414062499957,7.321601562499993,0.0037832617781532463,4.385700344410828,-28.75,29.0,29.0,-11.25,-7.166406249999998,0.012828826904296875,7.125,11.0,70.73897155617763,2.56711289794824,64.97437324744412,75.07108780772919,71.09746325076638,65.27906122657976,66.526600874965,71.09746325076638,73.64171590688406,74.6782886389842,137.9596530584351,25.751526475298324,20.74195181095152,175.62240098196997,139.68648487069163,48.702546115729916,111.33435558191817,139.68648487069163,162.35608955056117,172.72410930593645,0.5127511557760657
18,vision,143,0.013198077894415107,2.2016000585821622,-16.625,19.90625,19.90625,-6.51171875,-3.40625,-0.0052280426025390625,3.349609375,7.02734375,-0.06490670046703956,3.824378101857792,-30.25,26.875,30.25,-9.9375,-6.0625,-0.06640625,6.0,9.625,70.43468250311915,1.5829453771074065,65.2807015766749,74.41343495393083,70.5495637912063,66.71455044217439,67.65948914221971,70.5495637912063,72.80424698532205,74.01789636917053,121.88161532196918,11.228291505838582,98.26298525222957,147.82314081891207,123.82094715718189,100.09915148276838,103.86650819550577,123.82094715718189,139.67248633651525,146.30366064497463,0.5778942321781264
19,all,175,0.02143199588637799,2.2592024371515698,-27.234375,29.375,29.375,-6.21875,-3.134765625,-0.005672454833984375,3.134765625,7.386757812500036,-0.0345814643720431,5.327230930809003,-37.25,42.0,42.0,-13.5,-8.5625,-0.044952392578125,8.5,13.625,72.23495103539271,3.0122667500049154,62.60789333855153,79.27919355981969,72.5816890798203,65.14661307008811,67.19798482623587,72.5816890798203,76.49240727794057,78.8145360435466,168.9685928282117,22.61269448625222,26.45449223437483,219.98882269824855,171.7171580628228,128.2433845691687,137.2384525541203,171.7171580628228,201.66817837313909,212.7873716876557,0.42750519387252695
19,text,32,0.01676095494258334,2.2028449727097956,-27.234375,29.375,29.375,-6.15359375,-3.1282226562499997,-0.005298614501953125,3.0813476562499957,7.45828124999997,-0.010141321003175108,5.581884971241784,-37.0,32.0,37.0,-14.0,-9.125,-0.0036773681640625,9.0625,13.875,70.45390755666031,2.349718936948042,65.51363910768607,74.8851500655619,70.91257732807136,65.582090756353,66.40148944501777,70.91257732807136,73.77524734382455,74.73393962405564,175.4862185996009,33.31532356837113,26.45449223437483,219.98882269824855,179.2180866780685,61.327168298366644,139.20231301850146,179.2180866780685,211.8616996281631,217.68470761998654,0.40147829338902025
19,vision,143,0.022477263789884485,2.2716211418165493,-18.65625,24.734375,24.734375,-6.234375,-3.13671875,-0.00574493408203125,3.146484375,7.365976562500009,-0.04005058736367789,5.268544787257645,-37.25,42.0,42.0,-13.3125,-8.4375,-0.061767578125,8.3125,13.5,72.63350621944473,3.000006958214707,62.60789333855153,79.27919355981969,72.93225877781504,64.9771218063636,67.49231146303539,72.93225877781504,76.74240531858908,78.82631553023606,167.51010314510367,19.124685790933313,124.87523579478349,213.44534062169907,168.03976399514852,129.4582087730955,135.13822309697625,168.03976399514852,198.40101651998648,209.9853255137544,0.4336067189722091
20,all,175,0.11236089788975992,2.375224315366684,-24.8125,34.09375,34.09375,-6.2109375,-3.0859375,0.005496978759765625,3.3515625,7.699257812500036,-0.008632807821101908,7.227365281386575,-49.5,49.0,49.5,-18.5,-11.625,0.00152587890625,11.5625,18.625,76.01215969032108,3.4886489317873055,65.47728023843696,83.28692420568946,76.44167560673334,67.68980352056005,69.24926153219597,76.44167560673334,80.77439064577149,82.35435283632339,227.69880043195997,40.518846482501196,26.72200615033317,323.0626406449559,222.92492301940285,159.7735479673672,172.29575581414423,222.92492301940285,295.4114567786898,321.7146937983057,0.33382766859606156
20,text,32,0.09324217766334186,2.335980820496783,-24.8125,27.828125,27.828125,-6.30078125,-3.0735351562499997,0.010196685791015625,3.162109375,6.94265624999997,0.11116293096529262,6.845487119698211,-44.5,46.34375,46.34375,-17.25,-10.9375,0.06195068359375,11.0,17.53109374999991,74.70239506685616,4.027987169512106,66.68923522581129,82.07927524320803,74.80266057388042,67.10839221415199,68.36587532301208,74.80266057388042,80.82227703970726,81.81992446589857,215.3123640577441,40.479503622408245,26.72200615033317,261.7042948710916,218.47514383011918,71.3276203349917,177.05660762242678,218.47514383011918,256.4532207532055,261.41521051243114,0.34694893344267913
20,vision,143,0.11663921290546186,2.38389662661156,-21.25,34.09375,34.09375,-6.1953125,-3.087890625,0.0042514801025390625,3.400390625,7.862070312500009,-0.03544024587120418,7.309820655589853,-49.5,49.0,49.5,-18.75,-11.75,-0.0262451171875,11.75,18.875,76.30525387179576,3.285375457166226,65.47728023843696,83.28692420568946,76.7511589479977,68.26527983422261,69.79795480078586,76.7511589479977,80.72594742451619,82.60946687450051,230.47059038982644,40.00593218449348,155.16252490222953,323.0626406449559,228.00835738325918,162.8854648118509,172.48442422493562,228.00835738325918,300.2824531021671,321.88151216748264,0.3310845593909845
21,all,175,0.0004157462014284517,2.3346543453312463,-35.15625,38.03125,38.03125,-6.42578125,-2.76171875,-0.0014729499816894531,2.826171875,6.0703125,-0.2021736246580258,9.591983978999496,-104.5,75.0,104.5,-25.57859375,-15.5625,-0.13775634765625,15.0,24.75,74.53539545461683,5.089260799302107,61.50345141293865,87.78037190464563,74.09685215631742,62.14933863782199,66.69469234230178,74.09685215631742,82.57666918742196,84.60788908432627,302.00388263467016,55.225125091249105,22.24715070658032,421.70569091326433,298.2796052304147,202.9592105676139,222.93545647032323,298.2796052304147,396.4693751685252,411.0839249854634,0.24680277221727392
21,text,32,-0.04637278061272809,2.2857184449028334,-33.8125,38.03125,38.03125,-6.498671874999999,-2.87890625,-0.0019397735595703125,2.73828125,5.981757812499993,-0.12220787563637714,8.496055215900444,-52.0,63.25,63.25,-22.125,-13.630078124999999,-0.054443359375,13.5625,21.625,72.88238211569313,6.3448753457019125,61.50345141293865,87.78037190464563,73.17503716043277,61.667749355908214,62.11958210608088,73.17503716043277,81.05491077851524,85.82366147660754,265.9339193253111,56.654998761729125,22.24715070658032,347.88427254526533,278.49175873543686,78.65591433627594,205.73165413447632,278.49175873543686,332.10180971496663,345.94917297059806,0.2740620011941302
21,vision,143,0.010885906047952993,2.3453374340008533,-35.15625,28.75,35.15625,-6.38671875,-2.732421875,-0.0013713836669921875,2.84765625,6.092539062500009,-0.2200680580055276,9.820405637343297,-104.5,75.0,104.5,-26.0,-16.0,-0.17578125,15.3125,25.375,74.90530053745292,4.683968621231014,63.885339729789465,85.20725813045038,74.18817017087774,66.11753464429137,68.20475647259933,74.18817017087774,82.63212513998978,84.29577790548,310.07548281578545,51.55310769145442,199.39669749250643,421.70569091326433,307.00632907719114,209.10161928151592,226.88353421953352,307.00632907719114,399.4433383355945,412.26970699054914,0.24157118085325643
22,all,175,0.008722775612092976,1.9401663946609347,-22.4375,22.265625,22.4375,-6.046875,-2.70703125,0.0004928112030029297,2.654296875,6.39453125,-0.019400059829931707,10.87445945056997,-96.5,97.0,97.0,-27.25,-17.625,-0.032470703125,17.75,27.625,62.04437617078679,2.2717466370079173,55.74468006231415,70.9257716351391,61.948429183033866,57.19345384411778,58.88370428217707,61.948429183033866,65.86472133501765,67.12339342464693,342.89061310599914,59.31588337966347,25.450775876618565,476.1827882969984,341.02952259125885,222.53849474063375,247.71064940025337,341.02952259125885,424.015149349803,458.86830740985204,0.18094509968870676
22,text,32,-0.020731093194626737,1.9716405087610847,-22.4375,17.0625,22.4375,-6.6457421875,-2.794921875,-0.0006344318389892578,2.576074218749987,6.610664062499993,0.013031721813604236,9.679524328175582,-52.5,82.5,82.5,-23.5,-15.5,-0.0214385986328125,15.9375,25.26031249999994,63.003889688235596,3.4077945861889947,55.74468006231415,70.9257716351391,63.043481585678265,55.96766598178684,57.006158939809055,63.043481585678265,67.36405503326874,70.03760161629621,302.733570090861,65.53157445575758,25.450775876618565,414.36583209955626,304.8659419616735,89.99747936911106,234.93841608018792,304.8659419616735,375.340348765757,402.48805385332423,0.2081166276648008
22,vision,143,0.015313851149261024,1.932991616218125,-14.1953125,22.265625,22.265625,-5.9441015625,-2.69140625,0.0010595321655273438,2.670800781249966,6.362070312500009,-0.026657521456457233,11.124283162467437,-96.5,97.0,97.0,-27.875,-18.0,-0.0390625,18.0,28.125,61.82965985918986,1.8614109060673705,57.45299875213267,66.47179501792445,61.72327743632693,58.14963023963027,58.9565016307361,61.72327743632693,65.32214927578903,66.10010728971153,351.87680454994614,53.88051779612669,221.41980445356523,476.1827882969984,363.18200198559896,225.7081651992231,264.3865825278351,363.18200198559896,431.6847243644935,464.2070951426194,0.17571394038965027
23,all,175,0.010919264180785312,2.697110062797202,-27.1875,34.71875,34.71875,-8.640703125,-3.560546875,-0.00014919042587280273,3.755859375,8.71875,0.24252931596179095,12.11123858538856,-82.5,92.5,92.5,-32.0,-19.25,0.2353515625,19.625,31.5,86.25191591732755,3.1172821288052686,78.52775634291032,94.10795946148131,86.49582804112335,79.00106064077235,81.08557702908256,86.49582804112335,91.74823979455358,92.94164072849618,379.3995504464312,79.49014879431772,26.553504568990487,556.4019607138185,372.19735491537523,240.69805445164064,264.7424380082087,372.19735491537523,511.67760057205555,538.3457598778126,0.2273379497045708
23,text,32,0.027027953668948612,2.728952065869981,-26.453125,31.21875,31.21875,-8.6640625,-3.556640625,0.0030126571655273438,3.5950195312499957,9.015625,0.3444311040948378,10.679099204620108,-66.5,62.25,66.5,-26.854062499999998,-16.75,0.181884765625,17.625,27.75,87.22927307200152,4.2087580994935,78.52775634291032,94.10795946148131,87.6870931063668,78.83343876752839,80.07205582801699,87.6870931063668,92.70490596094443,93.71390723852936,332.8825533219202,78.04409858565079,26.553504568990487,462.99131732809127,339.3183474933495,93.06825047315876,243.87406186390706,339.3183474933495,441.285325250959,457.72842717275137,0.26204218935933493
23,vision,143,0.007314522477140376,2.6899197598528395,-27.1875,34.71875,34.71875,-8.6328125,-3.5625,-0.0009989738464355469,3.79296875,8.65625,0.2197261186173329,12.408991707509244,-82.5,92.5,92.5,-33.0,-19.75,0.259765625,20.0,32.25,86.03320662397392,2.76884421426926,78.7948668498118,93.23996737412475,86.08579957548255,79.08837223895218,81.51263419047972,86.08579957548255,90.36960465146134,91.84171987558409,389.8089484043638,76.00717744043376,239.50509879401568,556.4019607138185,379.04888903451024,247.23263599874213,265.6191316991116,379.04888903451024,514.0762898790834,543.1797513646095,0.22070608429113941
24,all,175,0.0642415485427981,3.139269682262684,-52.4375,36.59375,52.4375,-10.351640625,-3.7109375,0.0010428428649902344,4.0859375,11.5390625,0.11175125567242503,15.4375325868317,-133.0,155.0,155.0,-40.0,-24.625,0.0370635986328125,25.125,40.75,100.32046818525582,5.618199388833983,89.23468893479343,138.0733020901698,100.2040217569035,89.4748253683834,91.71307054469901,100.2040217569035,109.17351648993707,110.73372964629735,482.4325184708498,106.34229380454143,27.08897836769945,732.1884199440323,484.4847578913438,280.7494444998189,317.32342148752326,484.4847578913438,641.75817553021,709.7322319456016,0.20794715186952623
24,text,32,0.08416183615554473,3.1844128299048458,-52.4375,36.125,52.4375,-10.89046875,-3.7610351562499997,0.0072460174560546875,4.2525390624999915,11.333203124999926,-0.09791761161613977,13.71156486964559,-87.0,75.5,87.0,-35.458124999999995,-22.625,-0.0302734375,22.375,34.75,101.64734052403338,7.676463325068553,90.47819476875499,138.0733020901698,101.51647168009231,91.905385436034,95.10217669347402,101.51647168009231,106.60550899122357,128.48987813256937,425.20150025279065,108.3175036304646,27.08897836769945,606.7851941335035,425.79730202805973,107.15747596876177,295.912317484607,425.79730202805973,572.6554967236225,597.3332031511394,0.2390568717739755
24,vision,143,0.05978386180428137,3.1290611788764062,-34.09375,36.59375,36.59375,-10.216328125,-3.6961914062499996,8.401274681091309e-05,4.05859375,11.583515625000018,0.15867016303769826,15.797583522410717,-133.0,155.0,155.0,-40.75,-25.0,0.07470703125,25.75,42.0,100.02354570385103,4.995861029298878,89.23468893479343,112.22699693786299,99.90739559870909,89.43655766930372,91.6680885137481,99.90739559870909,109.19071388108465,110.08492504161227,495.23945961055546,101.57180083892621,267.58595449885223,732.1884199440323,498.04511871076096,296.6708309405888,333.5173432009801,498.04511871076096,645.3536680024571,715.4363120788722,0.20197006470871115
25,all,175,-0.06794703859636295,2.7827752982040965,-34.375,35.09375,35.09375,-10.171875,-3.8028320312499986,-0.004360198974609375,3.4297851562499773,9.046875,-0.14748135874313967,18.738684005713356,-124.5,151.0,151.0,-49.75,-31.125,-0.14453125,30.25,49.5,88.8284180234788,6.627988808333347,73.37015790830075,136.37902190468,88.4128864684299,76.37911637615142,80.06770621530252,88.4128864684299,98.38965924407566,100.82893784196612,582.2650927286894,143.37095767001338,36.47522670218563,949.953008572331,594.7820444604943,283.15802813397096,361.93810779883853,594.7820444604943,807.2723865762615,897.8370426753056,0.15255666041596117
25,text,32,-0.07591781029077538,2.815984083845025,-34.375,35.09375,35.09375,-9.744765625,-4.05078125,-0.009075164794921875,3.373046875,9.17703124999997,-0.11295954318484291,16.289535064146463,-104.9375,83.75,104.9375,-44.0,-26.875,-0.088348388671875,26.375,42.04156249999994,89.61640701854276,9.740748660141083,77.98266487946559,136.37902190468,88.23682010538856,78.6367217332588,80.7136114624519,88.23682010538856,98.93335681166454,125.1480431193751,500.4202510004328,145.97933399034372,36.47522670218563,769.1263625593937,497.4727477531147,113.9245051283905,331.25932407519747,497.4727477531147,740.119508856185,767.3852298528756,0.17908229500981016
25,vision,143,-0.06616336940600491,2.775286416899363,-32.0625,27.546875,32.0625,-10.25,-3.7578125,-0.0035343170166015625,3.447265625,9.015625,-0.1552065202666746,19.24410463590711,-124.5,151.0,151.0,-50.75,-32.0,-0.1796875,31.125,50.75,88.65208482178616,5.688440816493196,73.37015790830075,101.59942737798113,88.72711319283981,75.11863120279527,80.03211237711386,88.72711319283981,98.3201030628881,100.4477722976747,600.5800223462013,136.2054357048618,274.18245261362284,949.953008572331,608.8674793879741,337.39241993032283,362.2509655926026,608.8674793879741,822.7252173371744,899.6069267650223,0.1476107787859169
26,all,175,-0.007130311080254614,2.2032911757859623,-35.1875,26.625,35.1875,-7.58203125,-3.099609375,-0.0025768280029296875,2.9883789062499773,7.867226562500036,-0.37371848724715945,18.580685220629086,-107.125,112.0,112.0,-48.75,-31.125,-0.19140625,29.625,46.5,70.3902617035337,4.0327326045256795,62.962951718053155,100.21103110143322,70.20541647469405,63.28122030965771,65.13511408861164,70.20541647469405,75.8492600162609,78.94891802866401,578.2974825186224,138.71808526308908,40.77182434894645,925.8579323717945,584.7475146605332,299.54548642408633,369.5471213343545,584.7475146605332,805.6306696413708,864.8467084271331,0.12171981347206882
26,text,32,-0.02475740693625994,2.2460605080709795,-35.1875,26.625,35.1875,-7.7499609375,-3.19140625,-3.7848949432373047e-06,2.9125976562499787,7.958320312499993,-0.3533337266817398,15.861755309394397,-107.125,112.0,112.0,-42.8534375,-26.125,-0.1563720703125,24.875,39.52062499999988,71.64100023384677,5.835875105841788,65.54213092576333,100.21103110143322,70.42480679178428,65.76400360142841,66.38781714853677,70.42480679178428,75.865120200337,92.68863447246405,485.2697403342377,149.24707153801685,40.77182434894645,809.0433816746392,467.5373001317962,116.75328259007334,316.1135760254669,467.5373001317962,780.8224759376072,801.6753005993971,0.14763129509064962
26,vision,143,-0.00318578613345622,2.1935868434681867,-18.8125,19.015625,19.015625,-7.5573828125,-3.072265625,-0.00336456298828125,3.001953125,7.838632812500009,-0.3782801119890715,19.136290860842642,-100.5,110.0,110.0,-49.75,-32.25,-0.20751953125,30.625,47.5,70.11037615828882,3.4427525834624997,62.962951718053155,79.03172593448429,70.19497996745763,63.21794262332087,65.12785742953652,70.19497996745763,75.77371397699388,78.70297909368607,599.1148793710721,127.2566793538765,304.34922670553044,925.8579323717945,611.7035720158391,350.5255871616402,386.23735818049806,611.7035720158391,808.6317786877163,868.1968570625268,0.11702325976595342
27,all,175,-0.008717867527157069,3.2786395890277786,-45.25,46.25,46.25,-5.9765625,-2.8515625,-0.0214080810546875,2.458984375,6.2265625,0.09570689584261605,12.156561405344059,-123.0,95.5,123.0,-30.0,-19.375,-0.003265380859375,19.75,31.125,104.58210065768309,8.374190308538301,51.02260808875381,118.9753331639856,104.93631764213892,84.69429937002228,91.81909733631078,104.93631764213892,115.27863993584943,117.80478979924455,378.73972720532896,88.85016335679416,37.58307286946988,730.0480414690745,360.2224925850308,252.59115995804626,273.8975265510826,360.2224925850308,544.4682578228366,670.1556485426426,0.2761318476658912
27,text,32,-0.005705304991352023,3.0007808961029965,-39.15625,40.65625,40.65625,-5.73046875,-2.8625976562499997,-0.0166168212890625,2.5266601562499957,6.266914062499993,-0.18656601651309757,12.269390621072855,-74.125,95.0,95.0,-30.5,-19.875,-0.15234375,19.875,30.5,95.53530334784537,9.686980749595449,51.02260808875381,105.39187575180355,96.97429363939003,60.74477913442186,84.10122998122635,96.97429363939003,104.72148560620846,105.35241832859799,378.9341818668735,102.93388644200236,37.58307286946988,730.0480414690745,363.842308889993,114.69636714652805,299.7584861428992,363.842308889993,523.5828548365661,672.33754518195,0.25211582359019985
27,vision,143,-0.009392007395309246,3.337651560277556,-45.25,46.25,46.25,-6.0234375,-2.8485351562499996,-0.0225677490234375,2.4453125,6.203125,0.15887286224389463,12.130269851634448,-123.0,95.5,123.0,-29.875,-19.25,0.04296875,19.75,31.25,106.60655879694744,6.512136104392593,87.96070946494532,118.9753331639856,106.80734253397839,88.8994066344628,95.81643832417744,106.80734253397839,115.64629778756742,117.8671183668324,378.69621287547295,85.38099383258323,248.21572624065126,676.9890767139634,360.2224925850308,254.23086312717544,273.3697340198833,360.2224925850308,545.5143572597954,661.0724245345476,0.2815094399478533
